name,type
.gitignore,file
.htaccess,file
01_-_Default1noCulling.JPG,file
01_-_Default1noCulling.dds,file
02_-_Default1noCulling.JPG,file
03_-_Default1noCulling.JPG,file
2294472375_24a3b8ef46_o.jpg,file
358232_j_s_song.mp3,file
358232_j_s_song.ogg,file
376737_Skullbeatz___Bad_Cat_Maste.mp3,file
376737_Skullbeatz___Bad_Cat_Maste.ogg,file
758px-Canestra_di_frutta_(Caravaggio).jpg,file
AWDLoader.js,file
AdaptiveToneMappingPass.js,file
Al2O3.pdb,file
AmbientLight.html,file
AmbientLight.js,file
AnaglyphEffect.js,file
Animation.html,file
Animation.js,file
AnimationHandler.html,file
AnimationHandler.js,file
AnimationMorphTarget.html,file
ArcCurve.html,file
ArcCurve.js,file
AreaLight.html,file
AreaLight.js,file
ArrowHelper.html,file
ArrowHelper.js,file
AsciiEffect.js,file
Asian_Male.jpg,file
AssimpJSONLoader.js,file
Audio.js,file
AudioListener.js,file
AudioObject.js,file
AxisHelper.html,file
AxisHelper.js,file
BabylonLoader.html,file
BabylonLoader.js,file
BasicShader.js,file
BinaryLoader.js,file
BinaryTextureLoader.js,file
Bird.js,file
Black_Female.jpg,file
BleachBypassShader.js,file
BlendCharacter.js,file
BlendCharacterGui.js,file
BlendShader.js,file
BloomPass.js,file
BokehPass.js,file
BokehShader.js,file
BokehShader2.js,file
Bone.html,file
Bone.js,file
BoundingBoxHelper.html,file
BoundingBoxHelper.js,file
Box2.html,file
Box2.js,file
Box3.html,file
Box3.js,file
BoxGeometry.html,file
BoxGeometry.js,file
BoxGeometry2.js,file
BoxHelper.js,file
Bridge2,dir
BrightnessContrastShader.js,file
BufferAttribute.html,file
BufferAttribute.js,file
BufferGeometry.html,file
BufferGeometry.js,file
BufferGeometryLoader.html,file
BufferGeometryLoader.js,file
CONTRIBUTING.md,file
COPYING,file
CSS2DRenderer.js,file
CSS3DRenderer.js,file
CSS3DStereoRenderer.js,file
CTMLoader.js,file
CTMWorker.js,file
Cache.html,file
Cache.js,file
CamaroNoUv_bin.bin,file
CamaroNoUv_bin.js,file
Camera.html,file
Camera.js,file
CameraHelper.html,file
CameraHelper.js,file
CanvasRenderer.html,file
CanvasRenderer.js,file
Car.js,file
Caucasion_Female.jpg,file
Caucasion_Male.jpg,file
CircleGeometry.html,file
CircleGeometry.js,file
CircleTypedGeometry.js,file
Clock.html,file
Clock.js,file
ClosedSplineCurve3.html,file
ClosedSplineCurve3.js,file
Cloth.js,file
ColladaLoader.html,file
ColladaLoader.js,file
Color.html,file
Color.js,file
ColorConverter.js,file
ColorCorrectionShader.js,file
ColorifyShader.js,file
CombinedCamera.html,file
CombinedCamera.js,file
CompressedTexture.html,file
CompressedTexture.js,file
CompressedTextureLoader.js,file
Config.js,file
Constants.js,file
ConvexGeometry.js,file
ConvolutionShader.js,file
CopyShader.js,file
Creating-a-scene.html,file
CubeCamera.html,file
CubeCamera.js,file
CubeGeometry.html,file
CubeGeometry.js,file
CubeTexture.js,file
CubicBezierCurve.html,file
CubicBezierCurve.js,file
CubicBezierCurve3.html,file
CubicBezierCurve3.js,file
Curve.html,file
Curve.js,file
CurveExtras.js,file
CurvePath.html,file
CurvePath.js,file
CustomBlendingEquations.html,file
CylinderGeometry.html,file
CylinderGeometry.js,file
DDSLoader.js,file
DOFMipMapShader.js,file
DataTexture.html,file
DataTexture.js,file
DecalGeometry.js,file
DepthPassPlugin.js,file
Detector.js,file
DeviceOrientationControls.js,file
DigitalGlitch.js,file
DirectionalLight.html,file
DirectionalLight.js,file
DirectionalLightHelper.html,file
DirectionalLightHelper.js,file
DodecahedronGeometry.html,file
DodecahedronGeometry.js,file
DotScreenPass.js,file
DotScreenShader.js,file
EdgeShader.js,file
EdgeShader2.js,file
EdgesHelper.html,file
EdgesHelper.js,file
Editor.js,file
EditorControls.js,file
EffectComposer.js,file
EllipseCurve.html,file
EllipseCurve.js,file
Escher,dir
Euler.html,file
Euler.js,file
EventDispatcher.html,file
EventDispatcher.js,file
ExplodeModifier.js,file
ExtrudeGeometry.html,file
ExtrudeGeometry.js,file
F50NoUv_bin.bin,file
F50NoUv_bin.js,file
FXAAShader.js,file
Face3.html,file
Face3.js,file
Face4.js,file
FaceNormalsHelper.html,file
FaceNormalsHelper.js,file
Female02_bin.bin,file
Female02_bin.js,file
Female02_slim.js,file
FilmPass.js,file
FilmShader.js,file
FirstPersonControls.js,file
Float32Array.js,file
FlyControls.js,file
FocusShader.js,file
Fog.html,file
Fog.js,file
FogExp2.html,file
FogExp2.js,file
FontUtils.html,file
FontUtils.js,file
FresnelShader.js,file
Frustum.html,file
Frustum.js,file
GLState.html,file
GallardoNoUv_bin.bin,file
GallardoNoUv_bin.js,file
Geometry.html,file
Geometry.js,file
Geometry2.js,file
Geometry2Loader.js,file
Geometry3.js,file
Geometry4.js,file
Geometry5.js,file
Geometry5b.js,file
GeometryEditor.js,file
GeometryLoader.js,file
GeometryUtils.html,file
GeometryUtils.js,file
GlitchPass.js,file
GridHelper.html,file
GridHelper.js,file
Group.js,file
Gyroscope.html,file
Gyroscope.js,file
HemisphereLight.html,file
HemisphereLight.js,file
HemisphereLightHelper.html,file
HemisphereLightHelper.js,file
Highlighted_Muscles.jpg,file
HorizontalBlurShader.js,file
HorizontalTiltShiftShader.js,file
HueSaturationShader.js,file
IcosahedronGeometry.html,file
IcosahedronGeometry.js,file
ImageLoader.html,file
ImageLoader.js,file
ImageUtils.html,file
ImageUtils.js,file
ImmediateRenderObject.html,file
ImmediateRenderObject.js,file
ImprovedNoise.js,file
IndexedGeometry3.js,file
IndexedGeometry5.js,file
IndexedPlaneGeometry5.js,file
IndexedTypedGeometry.js,file
Indian_Male.jpg,file
Infinite-Level_02_Disp_NoSmoothUV-4096.jpg,file
Infinite-Level_02_Tangent_SmoothUV.jpg,file
JSONLoader.html,file
JSONLoader.js,file
James_Body_Lores.dds,file
James_Body_Lores.jpg,file
James_EyeLashBotTran.dds,file
James_EyeLashBotTran.png,file
James_EyeLashTopTran.dds,file
James_EyeLashTopTran.png,file
James_Eye_Green.dds,file
James_Eye_Green.jpg,file
James_Eye_Inner_Green.dds,file
James_Eye_Inner_Green.jpg,file
James_Face_Color_Hair_Lores.dds,file
James_Face_Color_Hair_Lores.jpg,file
James_Mouth_Gum_Lores.dds,file
James_Mouth_Gum_Lores.jpg,file
James_Tongue_Lores.dds,file
James_Tongue_Lores.jpg,file
KaleidoShader.js,file
KeyFrameAnimation.html,file
KeyFrameAnimation.js,file
LICENSE,file
LICENSE.txt,file
LOD.html,file
LOD.js,file
LatheGeometry.html,file
LatheGeometry.js,file
LeePerry.ctm,file
LeePerrySmith.js,file
LeePerrySmith.obj,file
LeePerrySmith_License.txt,file
LensFlare.html,file
LensFlare.js,file
LensFlarePlugin.html,file
LensFlarePlugin.js,file
Light.html,file
Light.js,file
Line.html,file
Line.js,file
Line3.html,file
Line3.js,file
LineBasicMaterial.html,file
LineBasicMaterial.js,file
LineCurve.html,file
LineCurve.js,file
LineCurve3.html,file
LineCurve3.js,file
LineDashedMaterial.html,file
LineDashedMaterial.js,file
Loader.html,file
Loader.js,file
LoadingManager.html,file
LoadingManager.js,file
Lucy100k_bin.bin,file
Lucy100k_bin.js,file
Lucy100k_slim.js,file
LuminosityShader.js,file
Lut.html,file
Lut.js,file
M4.png,file
MCasShoe1TEX_Lores.dds,file
MCasShoe1TEX_Lores.jpg,file
MD2Character.js,file
MD2CharacterComplex.js,file
MJeans1TEX_Lores.dds,file
MJeans1TEX_Lores.jpg,file
MTLLoader.html,file
MTLLoader.js,file
MTshirt3TEX_Lores.dds,file
MTshirt3TEX_Lores.jpg,file
Male02_bin.bin,file
Male02_bin.js,file
Male02_dds.js,file
Male02_slim.js,file
Map-COL.jpg,file
Map-SPEC.jpg,file
MarchingCubes.js,file
MarineCv2_color.jpg,file
MaskPass.js,file
Material.html,file
Material.js,file
MaterialLoader.html,file
MaterialLoader.js,file
Materials.html,file
Math.html,file
Math.js,file
Matrix-transformations.html,file
Matrix3.html,file
Matrix3.js,file
Matrix4.html,file
Matrix4.js,file
Menubar.Add.js,file
Menubar.Edit.js,file
Menubar.File.js,file
Menubar.Help.js,file
Menubar.Play.js,file
Menubar.Status.js,file
Menubar.View.js,file
Menubar.js,file
Mesh.html,file
Mesh.js,file
MeshBasicMaterial.html,file
MeshBasicMaterial.js,file
MeshDepthMaterial.html,file
MeshDepthMaterial.js,file
MeshFaceMaterial.html,file
MeshFaceMaterial.js,file
MeshLambertMaterial.html,file
MeshLambertMaterial.js,file
MeshNormalMaterial.html,file
MeshNormalMaterial.js,file
MeshPhongMaterial.html,file
MeshPhongMaterial.js,file
MilkyWay,dir
Mirror.js,file
MirrorShader.js,file
MorphAnimMesh.html,file
MorphAnimMesh.js,file
MorphAnimation.js,file
MorphBlendMesh.html,file
MorphBlendMesh.js,file
Mountains.dds,file
Mountains_argb_mip.dds,file
Mountains_argb_nomip.dds,file
MouseControls.js,file
MultiColor.js,file
MultiVector3.js,file
NOTICE,file
NURBSCurve.js,file
NURBSSurface.js,file
NURBSUtils.js,file
Nail_Hand_01_Lores.dds,file
Nail_Hand_01_Lores.jpg,file
NinjaLo_bin.bin,file
NinjaLo_bin.js,file
NormalMapShader.js,file
OBJExporter.js,file
OBJLoader.html,file
OBJLoader.js,file
OBJMTLLoader.html,file
OBJMTLLoader.js,file
Object3D.html,file
Object3D.js,file
ObjectLoader.html,file
ObjectLoader.js,file
Ocean.js,file
OceanShaders.js,file
OctahedronGeometry.html,file
OctahedronGeometry.js,file
Octree.js,file
OculusControls.js,file
OculusRiftEffect.js,file
Ogro.txt,file
OpenCTM.txt,file
OrbitControls.js,file
Original.html,file
OrthographicCamera.html,file
OrthographicCamera.js,file
OrthographicTrackballControls.js,file
PDBLoader.html,file
PDBLoader.js,file
PLYLoader.js,file
PRNG.js,file
PVRLoader.js,file
ParallaxBarrierEffect.js,file
ParallaxShader.js,file
ParametricGeometries.js,file
ParametricGeometry.html,file
ParametricGeometry.js,file
Park2,dir
Park3Med,dir
Path.html,file
Path.js,file
PerspectiveCamera.html,file
PerspectiveCamera.js,file
Plane.html,file
Plane.js,file
PlaneBufferGeometry.js,file
PlaneGeometry.html,file
PlaneGeometry.js,file
PlaneGeometry2.js,file
PlaneGeometry2b.js,file
PlaneGeometry3.js,file
PlaneGeometry5.js,file
PlaneGeometry6.js,file
PlaneGeometry99.js,file
PlaneTypedGeometry.js,file
Player.js,file
PointCloud.html,file
PointCloud.js,file
PointCloudMaterial.html,file
PointCloudMaterial.js,file
PointLight.html,file
PointLight.js,file
PointLightHelper.html,file
PointLightHelper.js,file
PointerLockControls.js,file
PolyhedronGeometry.html,file
PolyhedronGeometry.js,file
Projector.js,file
ProxyColor.js,file
ProxyFace3.js,file
ProxyGeometry.js,file
ProxyVector2.js,file
ProxyVector3.js,file
ProxyVector4.js,file
Qrcode.js,file
QuadraticBezierCurve.html,file
QuadraticBezierCurve.js,file
QuadraticBezierCurve3.html,file
QuadraticBezierCurve3.js,file
Quaternion.html,file
Quaternion.js,file
README,file
README.md,file
README.txt,file
RGBELoader.js,file
RGBShiftShader.js,file
RawShaderMaterial.html,file
RawShaderMaterial.js,file
Ray.html,file
Ray.js,file
Raycaster.html,file
Raycaster.js,file
RaytracingRenderer.js,file
RenderPass.js,file
RingGeometry.html,file
RingGeometry.js,file
SSAOShader.js,file
STLBinaryExporter.js,file
STLExporter.js,file
STLLoader.js,file
SVGLoader.html,file
SVGLoader.js,file
SVGRenderer.js,file
SavePass.js,file
Scene.html,file
Scene.js,file
SceneExporter.js,file
SceneLoader.html,file
SceneLoader.js,file
SceneUtils.html,file
SceneUtils.js,file
SepiaShader.js,file
ShaderChunk,dir
ShaderChunk.html,file
ShaderChunk.js,file
ShaderDeferred.js,file
ShaderGodRays.js,file
ShaderLib.html,file
ShaderLib.js,file
ShaderMaterial.html,file
ShaderMaterial.js,file
ShaderPass.js,file
ShaderSkin.js,file
ShaderTerrain.js,file
ShaderToon.js,file
ShadowMapPlugin.html,file
ShadowMapPlugin.js,file
ShadowingTypes.html,file
Shape.html,file
Shape.js,file
ShapeGeometry.html,file
ShapeGeometry.js,file
Sidebar.Animation.js,file
Sidebar.Geometry.BoxGeometry.js,file
Sidebar.Geometry.BufferGeometry.js,file
Sidebar.Geometry.CircleGeometry.js,file
Sidebar.Geometry.CylinderGeometry.js,file
Sidebar.Geometry.Geometry.js,file
Sidebar.Geometry.IcosahedronGeometry.js,file
Sidebar.Geometry.Modifiers.js,file
Sidebar.Geometry.PlaneGeometry.js,file
Sidebar.Geometry.SphereGeometry.js,file
Sidebar.Geometry.TorusGeometry.js,file
Sidebar.Geometry.TorusKnotGeometry.js,file
Sidebar.Geometry.js,file
Sidebar.Material.js,file
Sidebar.Object3D.js,file
Sidebar.Renderer.js,file
Sidebar.Scene.js,file
Sidebar.Script.Editor.js,file
Sidebar.Script.js,file
Sidebar.js,file
SimplexNoise.js,file
SimulationRenderer.js,file
Skeleton.js,file
SkeletonHelper.js,file
SkinnedMesh.html,file
SkinnedMesh.js,file
SkyShader.js,file
SoftwareRenderer.js,file
Sparks.js,file
Sphere.html,file
Sphere.js,file
SphereGeometry.html,file
SphereGeometry.js,file
Spline.html,file
Spline.js,file
SplineCurve.html,file
SplineCurve.js,file
SplineCurve3.html,file
SplineCurve3.js,file
SpotLight.html,file
SpotLight.js,file
SpotLightHelper.html,file
SpotLightHelper.js,file
Sprite.html,file
Sprite.js,file
SpriteCanvasMaterial.html,file
SpriteMaterial.html,file
SpriteMaterial.js,file
SpritePlugin.html,file
SpritePlugin.js,file
StereoEffect.js,file
Storage.js,file
SubdivisionModifier.js,file
Suzanne.js,file
SwedishRoyalCastle,dir
TGALoader.html,file
TGALoader.js,file
TechnicolorShader.js,file
TessellateModifier.js,file
TetrahedronGeometry.html,file
TetrahedronGeometry.js,file
TextGeometry.html,file
TextGeometry.js,file
Texture.html,file
Texture.js,file
TextureLoader.html,file
TextureLoader.js,file
TexturePass.js,file
Textures.html,file
Three.js,file
ThreeJSAnimationExporter.ms,file
ThreeJSExporter.ms,file
ThreeJSExporter_MorphTargets_v0.ms,file
ThreeJsExportScript.mel,file
ToneMapShader.js,file
Toolbar.js,file
TorusGeometry.html,file
TorusGeometry.js,file
TorusKnotGeometry.html,file
TorusKnotGeometry.js,file
TrackballControls.js,file
TransformControls.js,file
Triangle.html,file
Triangle.js,file
TriangleBlurShader.js,file
TubeGeometry.html,file
TubeGeometry.js,file
TypedArrayUtils.js,file
TypedGeometry.js,file
TypedGeometryExporter.js,file
UCS,dir
UCSCharacter.js,file
UCS_config.json,file
UTF8Loader.js,file
UV_Grid_Sm.jpg,file
UV_Grid_Sm.txt,file
UVsDebug.js,file
UniformsLib.html,file
UniformsLib.js,file
UniformsUtils.html,file
UniformsUtils.js,file
UnpackDepthRGBAShader.js,file
VRControls.js,file
VREffect.js,file
VRMLLoader.js,file
VTKLoader.js,file
VWS_B_Male2-2.jpg,file
Vector2.html,file
Vector2.js,file
Vector3.html,file
Vector3.js,file
Vector3Components.js,file
Vector3Length.js,file
Vector3Storage.js,file
Vector4.html,file
Vector4.js,file
VertexNormalsHelper.html,file
VertexNormalsHelper.js,file
VertexTangentsHelper.html,file
VertexTangentsHelper.js,file
VerticalBlurShader.js,file
VerticalTiltShiftShader.js,file
VeyronNoUv_bin.bin,file
VeyronNoUv_bin.js,file
VideoTexture.js,file
Viewport.Info.js,file
Viewport.js,file
VignetteShader.js,file
WaltHead.ctm,file
WaltHead.mtl,file
WaltHead.obj,file
WaltHeadLo.js,file
WaltHead_bin.bin,file
WaltHead_bin.js,file
WaltHead_slim.js,file
WaltHi.js,file
WaltHi.utf8,file
WaterShader.js,file
WebGLDeferredRenderer.js,file
WebGLExtensions.js,file
WebGLProgram.html,file
WebGLProgram.js,file
WebGLRenderTarget.html,file
WebGLRenderTarget.js,file
WebGLRenderTargetCube.html,file
WebGLRenderTargetCube.js,file
WebGLRenderer.html,file
WebGLRenderer.js,file
WebGLShader.html,file
WebGLShader.js,file
WireframeHelper.html,file
WireframeHelper.js,file
XHRLoader.html,file
XHRLoader.js,file
__init__.py,file
_json.py,file
_packer.pyx,file
_unpacker.pyx,file
_version.py,file
addons,dir
alphamap_fragment.glsl,file
alphamap_pars_fragment.glsl,file
alphatest_fragment.glsl,file
anim.blend,file
animated,dir
animation,dir
ao.jpg,file
api,dir
app.js,file
arboshak.png,file
ascii,dir
aspirin.pdb,file
assimp,dir
atlas.png,file
audio,dir
avatar.dae,file
awd,dir
babylon,dir
backgrounddetailed6.jpg,file
ball.png,file
base.h,file
base_classes.py,file
ben.ctm,file
ben.js,file
ben.utf8,file
ben_dds.js,file
benchmark,dir
benchmark-1.0.0.js,file
benchmarking_float32array.html,file
benchmarking_vector3components.html,file
benchmarking_vector3length.html,file
benchmarking_vector3storage.html,file
binary,dir
blend,dir
blender,dir
blenderscene,dir
bounds.h,file
bower.json,file
box,dir
box.bin,file
box.js,file
brick_bump.jpg,file
brick_diffuse.jpg,file
bright_squares256.png,file
buckyball.pdb,file
build,dir
build.bat,file
build.js,file
build.py,file
build.sh,file
build.xml,file
build_all.bat,file
build_all.sh,file
build_debug.bat,file
build_debug.sh,file
build_max.bat,file
bumpmap_pars_fragment.glsl,file
bunny.vtk,file
caf2.pdb,file
caffeine.pdb,file
camaro,dir
camaro.ctm,file
camaro.js,file
camera.py,file
cameras,dir
canvas.json,file
canvas_ascii_effect.html,file
canvas_camera_orthographic.html,file
canvas_camera_orthographic2.html,file
canvas_effects_stereo.html,file
canvas_geometry_birds.html,file
canvas_geometry_cube.html,file
canvas_geometry_earth.html,file
canvas_geometry_hierarchy.html,file
canvas_geometry_nurbs.html,file
canvas_geometry_panorama.html,file
canvas_geometry_panorama_fisheye.html,file
canvas_geometry_shapes.html,file
canvas_geometry_terrain.html,file
canvas_geometry_text.html,file
canvas_interactive_cubes.html,file
canvas_interactive_cubes_tween.html,file
canvas_interactive_particles.html,file
canvas_interactive_voxelpainter.html,file
canvas_lights_pointlights.html,file
canvas_lines.html,file
canvas_lines_colors.html,file
canvas_lines_colors_2d.html,file
canvas_lines_dashed.html,file
canvas_lines_sphere.html,file
canvas_materials.html,file
canvas_materials_depth.html,file
canvas_materials_normal.html,file
canvas_materials_reflection.html,file
canvas_materials_video.html,file
canvas_morphtargets_horse.html,file
canvas_particles_floor.html,file
canvas_particles_random.html,file
canvas_particles_shapes.html,file
canvas_particles_sprites.html,file
canvas_particles_waves.html,file
canvas_performance.html,file
canvas_sandbox.html,file
car-ao.png,file
cholesterol.pdb,file
circle.png,file
circuit_pattern.png,file
cloud.png,file
cocaine.pdb,file
codemirror,dir
codemirror.css,file
codemirror.js,file
collada,dir
color_fragment.glsl,file
color_pars_fragment.glsl,file
color_pars_vertex.glsl,file
color_vertex.glsl,file
colored.stl,file
common.js,file
common.json,file
compiler,dir
compiler.jar,file
compress.h,file
compressed,dir
constants,dir
constants.py,file
controls,dir
convert_obj_three.py,file
convert_to_threejs.py,file
converters,dir
core,dir
crate.gif,file
crate_color8.tga,file
crate_grey8.tga,file
crossfade,dir
css,dir
css3d.json,file
css3d_molecules.html,file
css3d_panorama.html,file
css3d_panorama_deviceorientation.html,file
css3d_periodictable.html,file
css3d_sandbox.html,file
css3d_sprites.html,file
css3d_youtube.html,file
css3dstereo_periodictable.html,file
ctf_b.png,file
ctf_r.png,file
ctm,dir
ctm.js,file
ctmconv.exe,file
cu.pdb,file
cubane.pdb,file
cube,dir
cubeA.blend,file
cubeB.blend,file
cubeC.blend,file
cube_fvc.blend,file
cube_fvc.js,file
cubecolors,dir
cubecolors.blend,file
cubecolors.js,file
curves,dir
dark-s_nx.jpg,file
dark-s_ny.jpg,file
dark-s_nz.jpg,file
dark-s_px.jpg,file
dark-s_py.jpg,file
dark-s_pz.jpg,file
dark.css,file
darkam.png,file
dat.gui.min.js,file
dds,dir
dead.png,file
decal,dir
decal-diffuse.png,file
decal-normal.jpg,file
default_vertex.glsl,file
defaultnormal_vertex.glsl,file
diamond.pdb,file
dirt.png,file
disc.png,file
displacement.jpg,file
displacement.txt,file
disturb.jpg,file
disturb_2bpp_rgb.pvr,file
disturb_4bpp_rgb.pvr,file
disturb_4bpp_rgb_mips.pvr,file
disturb_4bpp_rgb_v3.pvr,file
disturb_argb_mip.dds,file
disturb_argb_nomip.dds,file
disturb_dxt1_mip.dds,file
disturb_dxt1_nomip.dds,file
docs,dir
dolphins.ply,file
dolphins_be.ply,file
dolphins_colored.ply,file
dolphins_le.ply,file
droid,dir
droid_sans_bold.typeface.js,file
droid_sans_mono_regular.typeface.js,file
droid_sans_regular.typeface.js,file
droid_serif_bold.typeface.js,file
droid_serif_regular.typeface.js,file
duck,dir
duck.bin,file
duck.dae,file
duck.json,file
duck0FS.glsl,file
duck0VS.glsl,file
duckCM.png,file
earth_atmos_2048.jpg,file
earth_atmos_4096.jpg,file
earth_clouds_1024.png,file
earth_clouds_2048.png,file
earth_lights_2048.png,file
earth_normal_2048.jpg,file
earth_specular_2048.jpg,file
editor,dir
editors,dir
effects,dir
elderlyWalk.js,file
envmap.png,file
envmap_fragment.glsl,file
envmap_pars_fragment.glsl,file
envmap_pars_vertex.glsl,file
envmap_vertex.glsl,file
ethanol.pdb,file
examples,dir
examples.js,file
exceptions.py,file
explosion_dxt5_mip.dds,file
exporter,dir
exporter.py,file
exporters,dir
externs,dir
extras,dir
extras.js,file
extras.json,file
f50,dir
fallback.py,file
fbx,dir
female02,dir
female02.mtl,file
female02.obj,file
files,dir
flamingo.js,file
flare_2bpp_rgba.pvr,file
flare_4bpp_rgba.pvr,file
fog_fragment.glsl,file
fog_pars_fragment.glsl,file
fonts,dir
footer.js,file
freedom.png,file
gallardo,dir
gallardo_body_bin.bin,file
gallardo_body_bin.js,file
gallardo_wheel_bin.bin,file
gallardo_wheel_bin.js,file
gearwhore.png,file
gentilis_bold.typeface.js,file
gentilis_regular.typeface.js,file
geometries,dir
geometry.py,file
gib.png,file
glTF-parser.js,file
glTFAnimation.js,file
glTFLoader.html,file
glTFLoader.js,file
glTFLoaderUtils.js,file
gltf,dir
glucose.pdb,file
gordogh.png,file
graphite.pdb,file
grass.png,file
grass_dirt.png,file
grasslight-big-nm.jpg,file
grasslight-big.jpg,file
grasslight-thin.jpg,file
grok.jpg,file
gui.js,file
hand.ctm,file
hand.jpg,file
hand.js,file
hand.utf8,file
header.js,file
helpers,dir
helvetiker_bold.typeface.js,file
helvetiker_regular.typeface.js,file
hepatica_dxt3_mip.dds,file
hexangle.png,file
hilbert2D.js,file
hilbert3D.js,file
horse.js,file
house.wrl,file
human_walk_0_female.js,file
igdosh.png,file
image.py,file
image1.jpg,file
image2.jpg,file
includes,dir
inconsolata.woff,file
index.html,file
interior,dir
interior.3ds,file
interior.assimp.json,file
introduction,dir
io.py,file
io_three,dir
javascript.js,file
jeep,dir
jeep.assimp.json,file
jeep1.jpg,file
jeep1.ms3d,file
jeep1.readme.txt,file
join_ctm.py,file
js,dir
js-lzma.txt,file
js-openctm.txt,file
json,dir
json2msgpack.py,file
jszip.min.js,file
kawada-hironx.dae,file
khorne.png,file
kinect.nfo,file
kinect.webm,file
knight.js,file
land_ocean_ice_cloud_2048.jpg,file
lava,dir
lavatile.jpg,file
leeperrysmith,dir
lensflare,dir
lensflare0.png,file
lensflare0_alpha.png,file
lensflare1.png,file
lensflare2.jpg,file
lensflare2.png,file
lensflare3.png,file
libs,dir
license,dir
light.css,file
light.py,file
light_setup.blend,file
lightmap,dir
lightmap-ao-shadow.png,file
lightmap.blend,file
lightmap.js,file
lightmap.png,file
lightmap_fragment.glsl,file
lightmap_pars_fragment.glsl,file
lightmap_pars_vertex.glsl,file
lightmap_vertex.glsl,file
lights,dir
lights_lambert_pars_vertex.glsl,file
lights_lambert_vertex.glsl,file
lights_phong_fragment.glsl,file
lights_phong_pars_fragment.glsl,file
lights_phong_pars_vertex.glsl,file
lights_phong_vertex.glsl,file
linear_to_gamma_fragment.glsl,file
list.js,file
loaders,dir
logdepthbuf_fragment.glsl,file
logdepthbuf_pars_fragment.glsl,file
logdepthbuf_pars_vertex.glsl,file
logdepthbuf_vertex.glsl,file
logger.py,file
lsd.pdb,file
lucy,dir
lycopene.pdb,file
lzma.js,file
m4.blend,file
m4.js,file
main.css,file
male-02-1noCulling.JPG,file
male-02-1noCulling.dds,file
male02,dir
male02.mtl,file
male02.obj,file
male02_dds.mtl,file
manual,dir
map_fragment.glsl,file
map_pars_fragment.glsl,file
map_pars_vertex.glsl,file
map_particle_fragment.glsl,file
map_particle_pars_fragment.glsl,file
map_vertex.glsl,file
marine,dir
marine.js,file
marine_anims.blend,file
marine_anims.js,file
marine_fbx.blend,file
marine_fk.blend,file
marine_ikrig.blend,file
marine_ikrig.js,file
material-browser.html,file
material.js,file
material.py,file
materials,dir
math,dir
math.json,file
max,dir
maya,dir
memorial.png,file
mesh.h,file
mesh.py,file
metal.jpg,file
minecraft,dir
miranda_uncropped.hdr,file
misc_animation_keys.html,file
misc_controls_deviceorientation.html,file
misc_controls_fly.html,file
misc_controls_oculusrift.html,file
misc_controls_orbit.html,file
misc_controls_pointerlock.html,file
misc_controls_trackball.html,file
misc_controls_transform.html,file
misc_fps.html,file
misc_lights_test.html,file
misc_lookat.html,file
misc_sound.html,file
misc_ubiquity_test.html,file
misc_ubiquity_test2.html,file
misc_uv_tests.html,file
models,dir
modes,dir
modifiers,dir
modules,dir
molecules,dir
monster,dir
monster.bin,file
monster.blend,file
monster.dae,file
monster.jpg,file
monster.js,file
monster.json,file
monster0FS.glsl,file
monster0VS.glsl,file
moon_1024.jpg,file
morphnormal_vertex.glsl,file
morphtarget_pars_vertex.glsl,file
morphtarget_vertex.glsl,file
msgpack,dir
msgpack-js.js,file
multimaterial.dae,file
nabogro.png,file
nacl.pdb,file
negx.jpg,file
negy.jpg,file
negz.jpg,file
nicotine.pdb,file
ninja,dir
nodejs_server.sh,file
normal,dir
normal.jpg,file
normal.png,file
normalmap_pars_fragment.glsl,file
npm,dir
nx.dds,file
nx.jpg,file
nx.png,file
ny.dds,file
ny.jpg,file
ny.png,file
nz.dds,file
nz.jpg,file
nz.png,file
obj,dir
obj2utf8.cc,file
obj2utf8.exe,file
obj2utf8x.cc,file
obj2utf8x.exe,file
objcompress.cc,file
objcompress.exe,file
object.py,file
objects,dir
ogro,dir
ogro-light.js,file
ogrobase.png,file
openctm.dll,file
optimer_bold.typeface.js,file
optimer_regular.typeface.js,file
optimize.h,file
orig_02_-_Defaul1noCulling.JPG,file
orig_02_-_Defaul1noCulling.dds,file
pack.h,file
pack_template.h,file
package.json,file
page.css,file
page.js,file
painterlypack.txt,file
pano.webm,file
park3_cube_mip_2bpp_rgb_v3.pvr,file
park3_cube_nomip_4bpp_rgb.pvr,file
parrot.js,file
parts,dir
patterns,dir
perf.html,file
perl_server.sh,file
persp_camera.blend,file
pisa,dir
plane-ao-256.png,file
planeA.blend,file
planeB.blend,file
planets,dir
platform,dir
platform.jpg,file
platform.json,file
plug-ins,dir
plugins,dir
ply,dir
pnltri.min.js,file
postprocessing,dir
posx.jpg,file
posy.jpg,file
posz.jpg,file
pr2_head_pan.stl,file
pr2_head_tilt.stl,file
pressure.json,file
prettify,dir
prettify.css,file
prettify.js,file
proxies,dir
pump,dir
pump.dae,file
pump_body.jpg,file
pump_gears.jpg,file
pump_metalreflect.jpg,file
px.dds,file
px.jpg,file
px.png,file
py.dds,file
py.jpg,file
py.png,file
python_server.sh,file
pz.dds,file
pz.jpg,file
pz.png,file
qunit-1.10.0.css,file
qunit-1.10.0.js,file
ratamahatta,dir
ratamahatta.js,file
ratamahatta.md2,file
ratamahatta.png,file
ratamahatta.txt,file
raytracing_sandbox.html,file
readme.txt,file
renderers,dir
require.js,file
review.js,file
review.py,file
revit,dir
robo_pigeon.js,file
robo_pigeon.pack,file
rocks.jpg,file
ruby_server.sh,file
scene.Cube.js,file
scene.Monkey.js,file
scene.Plane.js,file
scene.blend,file
scene.js,file
scene.py,file
scene_area_light.blend,file
scene_directional_light.blend,file
scene_hemi_light.blend,file
scene_instancing.blend,file
scene_maps.blend,file
scene_orthographic_camera.blend,file
scene_perspective_camera.blend,file
scene_point_light.blend,file
scene_spot_light.blend,file
scenes,dir
scenes.js,file
scripts,dir
servers,dir
setup_test_env.bash,file
shaders,dir
shadowmap_fragment.glsl,file
shadowmap_pars_fragment.glsl,file
shadowmap_pars_vertex.glsl,file
shadowmap_vertex.glsl,file
sharokh.png,file
signals.min.js,file
simple,dir
simple.awd,file
simple.blend,file
simple.js,file
simple.wrl,file
simplehttpserver.js,file
sintel.mp4,file
sintel.ogv,file
sittingBox.js,file
skin_and_morph.dae,file
skinbase_vertex.glsl,file
skinned,dir
skinning_pars_vertex.glsl,file
skinning_vertex.glsl,file
skinnormal_vertex.glsl,file
skins,dir
skull.babylon,file
skybox,dir
skyboxsun25degtest.png,file
skyboxsun25degtest.txt,file
slotted_disk.stl,file
snowflake1.png,file
snowflake2.png,file
snowflake3.png,file
snowflake4.png,file
snowflake5.png,file
snowflake7_alpha.png,file
software_geometry_earth.html,file
software_sandbox.html,file
sounds,dir
spark1.png,file
specularmap_fragment.glsl,file
specularmap_pars_fragment.glsl,file
split_obj.py,file
sprite.png,file
sprite0.jpg,file
sprite0.png,file
sprite1.jpg,file
sprite1.png,file
sprite2.png,file
sprites,dir
square-outline-textured.png,file
square-outline.png,file
src,dir
stats.min.js,file
stl,dir
stone.jpg,file
stork.js,file
stream.h,file
style.css,file
sublime.py,file
sublime.sh,file
sublimetext2,dir
suzanne,dir
suzanne.Monkey.003.js,file
suzanne.js,file
suzanneHi.Monkey.003.js,file
suzanneHi.js,file
svg_sandbox.html,file
sysdep.h,file
system.min.js,file
terrain,dir
terrain.js,file
test,dir
test.js,file
test_buffer_geometry.bash,file
test_geometry.bash,file
test_geometry_animation.bash,file
test_geometry_bump_spec_maps.bash,file
test_geometry_diffuse_map.bash,file
test_geometry_influences.bash,file
test_geometry_lambert_material.bash,file
test_geometry_light_map.bash,file
test_geometry_mix_colors.bash,file
test_geometry_morph_targets.bash,file
test_geometry_normal_map.bash,file
test_geometry_normals.bash,file
test_geometry_phong_material.bash,file
test_geometry_vertex_colors.bash,file
test_geometry_wireframe.bash,file
test_scene.js,file
test_scene_area_light.bash,file
test_scene_buffer_geometry.bash,file
test_scene_buffer_geometry_noembed.bash,file
test_scene_directional_light.bash,file
test_scene_hemi_light.bash,file
test_scene_instancing.bash,file
test_scene_maps.bash,file
test_scene_no_embed.bash,file
test_scene_orthographic.bash,file
test_scene_perspective.bash,file
test_scene_point_light.bash,file
test_scene_spot_light.bash,file
tests,dir
texture.jpg,file
texture.py,file
textures,dir
three-math.package.json,file
three.js,file
three.min.js,file
three.package.json,file
threeJsFileTranslator.py,file
three_point.blend,file
threejs.css,file
threejs.sublime-completions,file
torusA.blend,file
transition,dir
transition.js,file
transition1.png,file
transition2.png,file
transition3.png,file
transition4.png,file
transition5.png,file
transition6.png,file
tree,dir
tree.js,file
tree.obj,file
tween.min.js,file
ui.editor.js,file
ui.js,file
ui.three.js,file
umich_ucs.js,file
unit,dir
unittests_sources.html,file
unittests_three-math.html,file
unittests_three.html,file
unittests_three.min.html,file
unpack.h,file
unpack_define.h,file
unpack_template.h,file
utf8,dir
utf8.h,file
utilities.py,file
utils,dir
uv_grid.jpg,file
veyron,dir
veyron_body_bin.bin,file
veyron_body_bin.js,file
veyron_wheel_bin.bin,file
veyron_wheel_bin.js,file
vrml,dir
vtk,dir
w_bfg.js,file
w_bfg.md2,file
w_bfg.png,file
w_blaster.js,file
w_blaster.md2,file
w_blaster.png,file
w_chaingun.MD2,file
w_chaingun.js,file
w_chaingun.png,file
w_glauncher.js,file
w_glauncher.md2,file
w_glauncher.png,file
w_hyperblaster.js,file
w_hyperblaster.md2,file
w_hyperblaster.png,file
w_machinegun.js,file
w_machinegun.md2,file
w_machinegun.png,file
w_railgun.js,file
w_railgun.md2,file
w_railgun.png,file
w_rlauncher.js,file
w_rlauncher.md2,file
w_rlauncher.png,file
w_shotgun.js,file
w_shotgun.md2,file
w_shotgun.png,file
w_sshotgun.js,file
w_sshotgun.md2,file
w_sshotgun.png,file
wall.jpg,file
walt,dir
water.jpg,file
waternormals.jpg,file
weapon-light.js,file
weapon.jpg,file
weapon.js,file
weapon.md2,file
weapon.png,file
webgl,dir
webgl_animation_cloth.html,file
webgl_animation_skinning_blending.html,file
webgl_animation_skinning_morph.html,file
webgl_buffergeometry.html,file
webgl_buffergeometry_custom_attributes_particles.html,file
webgl_buffergeometry_lines.html,file
webgl_buffergeometry_lines_indexed.html,file
webgl_buffergeometry_particles.html,file
webgl_buffergeometry_rawshader.html,file
webgl_buffergeometry_uint.html,file
webgl_camera.html,file
webgl_camera_logarithmicdepthbuffer.html,file
webgl_custom_attributes.html,file
webgl_custom_attributes_lines.html,file
webgl_custom_attributes_particles.html,file
webgl_custom_attributes_particles2.html,file
webgl_custom_attributes_particles3.html,file
webgl_decals.html,file
webgl_effects_anaglyph.html,file
webgl_effects_oculusrift.html,file
webgl_effects_parallaxbarrier.html,file
webgl_effects_stereo.html,file
webgl_effects_vr.html,file
webgl_geometries.html,file
webgl_geometries2.html,file
webgl_geometry_colors.html,file
webgl_geometry_colors_blender.html,file
webgl_geometry_colors_lookuptable.html,file
webgl_geometry_convex.html,file
webgl_geometry_cube.html,file
webgl_geometry_dynamic.html,file
webgl_geometry_extrude_shapes.html,file
webgl_geometry_extrude_shapes2.html,file
webgl_geometry_extrude_splines.html,file
webgl_geometry_hierarchy.html,file
webgl_geometry_hierarchy2.html,file
webgl_geometry_large_mesh.html,file
webgl_geometry_minecraft.html,file
webgl_geometry_minecraft_ao.html,file
webgl_geometry_normals.html,file
webgl_geometry_nurbs.html,file
webgl_geometry_shapes.html,file
webgl_geometry_terrain.html,file
webgl_geometry_terrain_fog.html,file
webgl_geometry_terrain_raycast.html,file
webgl_geometry_text.html,file
webgl_geometry_text2.html,file
webgl_gpgpu_birds.html,file
webgl_hdr.html,file
webgl_helpers.html,file
webgl_interactive_buffergeometry.html,file
webgl_interactive_cubes.html,file
webgl_interactive_cubes_gpu.html,file
webgl_interactive_cubes_ortho.html,file
webgl_interactive_draggablecubes.html,file
webgl_interactive_lines.html,file
webgl_interactive_particles.html,file
webgl_interactive_raycasting_pointcloud.html,file
webgl_interactive_voxelpainter.html,file
webgl_kinect.html,file
webgl_lensflares.html,file
webgl_lights_hemisphere.html,file
webgl_lights_pointlights.html,file
webgl_lights_pointlights2.html,file
webgl_lines_colors.html,file
webgl_lines_cubes.html,file
webgl_lines_dashed.html,file
webgl_lines_sphere.html,file
webgl_lines_splines.html,file
webgl_loader_assimp2json.html,file
webgl_loader_awd.html,file
webgl_loader_babylon.html,file
webgl_loader_collada.html,file
webgl_loader_collada_keyframe.html,file
webgl_loader_collada_kinematics.html,file
webgl_loader_collada_skinning.html,file
webgl_loader_ctm.html,file
webgl_loader_ctm_materials.html,file
webgl_loader_gltf.html,file
webgl_loader_json_blender.html,file
webgl_loader_json_objconverter.html,file
webgl_loader_msgpack.html,file
webgl_loader_obj.html,file
webgl_loader_obj_mtl.html,file
webgl_loader_pdb.html,file
webgl_loader_ply.html,file
webgl_loader_scene.html,file
webgl_loader_stl.html,file
webgl_loader_utf8.html,file
webgl_loader_vrml.html,file
webgl_loader_vtk.html,file
webgl_lod.html,file
webgl_marchingcubes.html,file
webgl_materials.html,file
webgl_materials2.html,file
webgl_materials_blending.html,file
webgl_materials_blending_custom.html,file
webgl_materials_bumpmap.html,file
webgl_materials_bumpmap_skin.html,file
webgl_materials_cars.html,file
webgl_materials_cars_camaro.html,file
webgl_materials_cubemap.html,file
webgl_materials_cubemap_balls_reflection.html,file
webgl_materials_cubemap_balls_refraction.html,file
webgl_materials_cubemap_dynamic.html,file
webgl_materials_cubemap_dynamic2.html,file
webgl_materials_cubemap_escher.html,file
webgl_materials_cubemap_refraction.html,file
webgl_materials_envmaps.html,file
webgl_materials_grass.html,file
webgl_materials_lightmap.html,file
webgl_materials_normalmap.html,file
webgl_materials_normalmap2.html,file
webgl_materials_parallaxmap.html,file
webgl_materials_shaders_fresnel.html,file
webgl_materials_skin.html,file
webgl_materials_texture_anisotropy.html,file
webgl_materials_texture_compressed.html,file
webgl_materials_texture_filters.html,file
webgl_materials_texture_hdr.html,file
webgl_materials_texture_manualmipmap.html,file
webgl_materials_texture_pvrtc.html,file
webgl_materials_texture_tga.html,file
webgl_materials_video.html,file
webgl_materials_wireframe.html,file
webgl_mirror.html,file
webgl_modifier_subdivision.html,file
webgl_modifier_tessellation.html,file
webgl_morphnormals.html,file
webgl_morphtargets.html,file
webgl_morphtargets_horse.html,file
webgl_morphtargets_human.html,file
webgl_morphtargets_md2.html,file
webgl_morphtargets_md2_control.html,file
webgl_multiple_canvases_circle.html,file
webgl_multiple_canvases_complex.html,file
webgl_multiple_canvases_grid.html,file
webgl_multiple_views.html,file
webgl_nearestneighbour.html,file
webgl_objects_update.html,file
webgl_octree.html,file
webgl_octree_raycasting.html,file
webgl_panorama_equirectangular.html,file
webgl_particles_billboards.html,file
webgl_particles_billboards_colors.html,file
webgl_particles_dynamic.html,file
webgl_particles_random.html,file
webgl_particles_shapes.html,file
webgl_particles_sprites.html,file
webgl_performance.html,file
webgl_performance_doublesided.html,file
webgl_performance_static.html,file
webgl_postprocessing.html,file
webgl_postprocessing_advanced.html,file
webgl_postprocessing_crossfade.html,file
webgl_postprocessing_dof.html,file
webgl_postprocessing_dof2.html,file
webgl_postprocessing_glitch.html,file
webgl_postprocessing_godrays.html,file
webgl_rtt.html,file
webgl_sandbox.html,file
webgl_shader.html,file
webgl_shader2.html,file
webgl_shader_lava.html,file
webgl_shaders_ocean.html,file
webgl_shaders_ocean2.html,file
webgl_shaders_sky.html,file
webgl_shaders_tonemapping.html,file
webgl_shaders_vector.html,file
webgl_shading_physical.html,file
webgl_shadowmap.html,file
webgl_shadowmap_performance.html,file
webgl_skinning_simple.html,file
webgl_sprites.html,file
webgl_terrain_dynamic.html,file
webgl_test_memory.html,file
webgl_test_memory2.html,file
webgl_trails.html,file
webgl_video_panorama_equirectangular.html,file
webgldeferred_animation.html,file
webgldeferred_arealights.html,file
webgldeferred_pointlights.html,file
wip,dir
worldpos_vertex.glsl,file
ybco.pdb,file
